{"cameraMode":{"drawMode":0,"name":"Shaded","section":"Shading Mode"},"sceneLighting":false,"audioPlay":false,"sceneViewState":{"showFog":true,"showMaterialUpdate":true,"showSkybox":true,"showFlares":true,"showImageEffects":true,"showParticleSystems":true},"in2DMode":false,"pivot":{"x":5.977889060974121,"y":-4.484728813171387,"z":14.345261573791504},"rotation":{"x":-0.20098155736923219,"y":0.17727042734622956,"z":-0.037008047103881839,"w":-0.9627107977867127},"size":16.903318405151368,"orthographic":false}